Q,url,Data
Immigrer dans le cadre d’Entrée express,https://www.canada.ca/fr/immigration-refugies-citoyennete/services/immigrer-canada/entree-express.html,"""---
created: 2024-07-05T02:34:17 (UTC +01:00)
tags: []
source: https://www.canada.ca/fr/immigration-refugies-citoyennete/services/immigrer-canada/entree-express.html
author: Immigration, Réfugiés et Citoyenneté Canada
---

# Immigrer dans le cadre d’Entrée express - Canada.ca

> ## Excerpt
> Processus de demande et admissibilité; expérience de travail, études et compétences linguistiques exigées pour chaque programme

---
## Services et renseignements

### [Comment fonctionne Entrée express](https://www.canada.ca/fr/immigration-refugies-citoyennete/services/immigrer-canada/entree-express/fonctionnement.html)

Processus de demande et admissibilité; expérience de travail, études et compétences linguistiques exigées pour chaque programme

### [Obtenir les documents requis](https://www.canada.ca/fr/immigration-refugies-citoyennete/services/immigrer-canada/entree-express/documents.html)

Résultats des examens linguistiques, évaluations des études, offres d’emploi, certificats de police, examens médicaux, preuve de fonds suffisants

### [Créer et soumettre son profil d’Entrée express](https://www.canada.ca/fr/immigration-refugies-citoyennete/services/immigrer-canada/entree-express/soumettre-profil.html)

Créer son profil, quoi faire quand on fait partie du bassin, invitations à soumettre une demande

### [Rondes d’invitations d’Entrée express](https://www.canada.ca/fr/immigration-refugies-citoyennete/services/immigrer-canada/entree-express/soumettre-profil/selections-candidats.html)

Comprendre les différents types de rondes d'invitations d’Entrée express que nous organisons tout au long de l'année

### [Présenter une demande de résidence permanente après avoir reçu une invitation](https://www.canada.ca/fr/immigration-refugies-citoyennete/services/immigrer-canada/entree-express/presenter-demande-residence-permanente.html)

Remplir le formulaire, téléverser les documents, payer les frais et présenter sa demande

### [Si nous approuvons la demande](https://www.canada.ca/fr/immigration-refugies-citoyennete/services/immigrer-canada/entree-express/demande-approuvee.html)

Confirmer son statut de résident permanent, traverser la frontière et s’établir au Canada

### [Inscription aux nouvelles sur Entrée express](https://ircc.canada.ca/francais/immigrer/express/entree-express/inscrivez-vous.asp)

Recevoir les dernières nouvelles sur Entrée express

## En vedette

![](https://www.canada.ca/content/dam/ircc/images/features/1529438161263.jpg)

### [Immigration francophone (hors Québec)](https://www.canada.ca/fr/immigration-refugies-citoyennete/campagnes/immigration-francophone-hors-quebec.html)

Le français est l’une des deux langues officielles du Canada. Les gens parlent le français partout au Canada, et pas seulement au Québec. D’un océan à l’autre, il y a de nombreuses communautés vibrantes et dynamiques prêtes à vous accueillir.
"""
"
Comment fonctionne Entrée express
",https://www.canada.ca/fr/immigration-refugies-citoyennete/services/immigrer-canada/entree-express/fonctionnement.html,"""---
created: 2024-07-05T02:37:17 (UTC +01:00)
tags: [Visiteur étranger; Visa de résident temporaire]
source: https://www.canada.ca/fr/immigration-refugies-citoyennete/services/immigrer-canada/entree-express/fonctionnement.html
author: Immigration, Réfugiés et Citoyenneté Canada
---

# Comment fonctionne Entrée express - Canada.ca

> ## Excerpt
> Fonctionnement d’Entrée express

---
Entrée express est un système en ligne que nous utilisons pour gérer les demandes d’immigration présentées par des **travailleurs qualifiés.**

Trois programmes d’immigration sont gérés dans le cadre d’Entrée express :

## Catégorie de l’expérience canadienne

-   Pour les travailleurs qualifiés qui ont de l’**expérience de travail au Canada** admissible
-   L’expérience de travail doit avoir été acquise dans les 3 années précédant la présentation de votre demande

[Apprenez-en plus](https://www.canada.ca/fr/immigration-refugies-citoyennete/services/immigrer-canada/entree-express/admissibilite/categorie-experience-canadienne.html)

## Programme des travailleurs qualifiés (fédéral)

-   Pour les travailleurs qualifiés qui ont de l’**expérience de travail** à l’étranger ou au Canada
-   Vous devez satisfaire aux critères relatifs aux études et aux autres facteurs

[Apprenez-en plus](https://www.canada.ca/fr/immigration-refugies-citoyennete/services/immigrer-canada/entree-express/admissibilite/travailleurs-qualifies-federal.html)

## Programme des travailleurs de métiers spécialisés (fédéral)

-   Pour les travailleurs qualifiés dans un **métier spécialisé**
-   Vous devez avoir une offre d’emploi valide ou un certificat de compétence

[Apprenez-en plus](https://www.canada.ca/fr/immigration-refugies-citoyennete/services/immigrer-canada/entree-express/admissibilite/metiers-specialises.html)

Vous pouvez également présenter une demande au moyen d’Entrée express pour le [Programme des candidats des provinces](https://www.canada.ca/fr/immigration-refugies-citoyennete/services/immigrer-canada/candidats-provinces.html) si vous êtes admissible à l’un des programmes ci-dessus. Si vous êtes désigné, vous obtiendrez des points supplémentaires qui vous permettront d’être invité à présenter une demande rapidement.

## Étape 1 : Déterminez si vous êtes admissible

Il existe 2 façons de déterminer si vous êtes admissible à un programme qui fait partie d’Entrée express :

-   [Répondez à quelques questions pour vérifier si vous satisfaites aux exigences minimales](https://www.canada.ca/fr/immigration-refugies-citoyennete/services/outil-venir-canada-immigration-entree-express.html)
-   [Lisez les exigences détaillées de chaque programme](https://www.canada.ca/fr/immigration-refugies-citoyennete/services/immigrer-canada/entree-express/admissibilite.html)

## Étape 2 : Vérifiez votre note

Si vous êtes [admissible](https://www.canada.ca/fr/immigration-refugies-citoyennete/services/immigrer-canada/entree-express/fonctionnement.html#admissible) à au moins un des programmes d’Entrée express et que vous soumettez votre profil, vous serez classé dans le bassin d’Entrée express au moyen du Système de classement global (SCG).

Le SCG est un système de points que nous utilisons pour :

-   évaluer et noter [votre profil](https://www.canada.ca/fr/immigration-refugies-citoyennete/services/immigrer-canada/entree-express/soumettre-profil.html);
-   classer votre profil dans le bassin d’Entrée express.

Pour recevoir une invitation, vous devez obtenir une note supérieure à la note minimale de votre [ronde d’invitations](https://www.canada.ca/fr/immigration-refugies-citoyennete/services/immigrer-canada/entree-express/soumettre-profil/selections-candidats.html).

-   [Utilisez l’outil du SCG pour estimer votre note](https://ircc.canada.ca/francais/immigrer/qualifie/scg-outil.asp)

## Étape 3 : Préparez vos documents

Si vous décidez de remplir un profil, vous aurez besoin de documents, dont vos résultats d’examen linguistique, pour prouver que vous êtes admissible à Entrée express.

Comme il faut du temps pour obtenir certains documents, vous devriez les préparer sans attendre.

-   [Obtenez les documents dont vous avez besoin](https://www.canada.ca/fr/immigration-refugies-citoyennete/services/immigrer-canada/entree-express/documents.html)

## Étape 4 : Remplissez votre profil

Votre profil d’Entrée express est le moyen par lequel vous nous fournissez des renseignements à votre sujet.

Si vous êtes admissible, nous vous accepterons dans notre bassin de candidats et vous attribuerons une note en vertu du SCG.

-   [Soumettez votre profil](https://www.canada.ca/fr/immigration-refugies-citoyennete/services/immigrer-canada/entree-express/soumettre-profil.html)

## Étape 5 : Recevez une invitation et présentez une demande

Nous envoyons les invitations à présenter une demande aux candidats ayant les notes les plus élevées du bassin. Si nous vous envoyons une telle invitation, vous disposez de 60 jours pour présenter votre demande.

Nous traitons la majorité des demandes complètes accompagnées de tous les documents justificatifs dans un délai de 6 mois ou moins.

-   [Présentez une demande au moyen d’Entrée express](https://www.canada.ca/fr/immigration-refugies-citoyennete/services/immigrer-canada/entree-express/presenter-demande-residence-permanente.html)
"
"
Comment fonctionne Entrée express
Étape 1 : Déterminez si vous êtes admissible","https://www.canada.ca/fr/immigration-refugies-citoyennete/services/outil-venir-canada-immigration-entree-express.html,","""---
created: 2024-07-05T02:39:02 (UTC +01:00)
tags: [Venir au Canada]
source: https://www.canada.ca/fr/immigration-refugies-citoyennete/services/outil-venir-canada-immigration-entree-express.html
author: Immigration, Réfugiés et Citoyenneté Canada
---

# Vous souhaitez venir au Canada à titre d’immigrant qualifié? - Canada.ca

> ## Excerpt
> Répondez à quelques questions pour déterminer quels sont les programmes d’immigration au titre desquels vous pouvez présenter une demande

---
## Découvrez si vous pouvez présenter une demande

Vous souhaitez vivre au Canada en permanence et avoir un emploi qualifié?

Vous n’avez qu’à répondre à quelques questions pour savoir si vous êtes admissible à présenter une demande dans le cadre d’Entrée express.

Trois programmes d’immigration sont visés par Entrée express, chacun étant assorti d’exigences différentes. Il vous faudra de 10 à 15 minutes pour remplir le formulaire.

Vous pourriez avoir à répondre à des questions sur :

-   votre nationalité;
-   votre âge;
-   votre maîtrise de la langue;
-   les membres de votre famille;
-   vos études;
-   votre expérience de travail;
-   vos fonds disponibles;
-   les détails de toute offre d’emploi.

En fonction de vos réponses, nous vous dirons quels sont les programmes au titre desquels vous pouvez présenter une demande. Soyez aussi exact que possible.

Si vous êtes admissible à présenter une demande dans le cadre d’Entrée express, nous vous communiquerons une liste d’instructions détaillées vous indiquant les prochaines étapes, notamment la création d’un profil en ligne.

En fonction de ce profil, si vous répondez aux exigences, votre candidature sera placée dans un bassin de candidats à l’immigration, et vous recevrez possiblement une invitation à présenter une demande d’immigration.
 "" "
"
Immigrer dans le cadre d’Entrée express : Admissibilité aux programmes
",https://www.canada.ca/fr/immigration-refugies-citoyennete/services/immigrer-canada/entree-express/admissibilite.html,"""---
created: 2024-07-05T02:39:49 (UTC +01:00)
tags: [Travailleurs qualifiés; Citoyenneté; Immigration]
source: https://www.canada.ca/fr/immigration-refugies-citoyennete/services/immigrer-canada/entree-express/admissibilite.html
author: Immigration, Réfugiés et Citoyenneté Canada
---

# Immigrer dans le cadre d’Entrée express : Admissibilité aux programmes - Canada.ca

> ## Excerpt
> Qui peut présenter une demande – Immigrants qualifiés (Entrée express)

---
Nous sélectionnons les travailleurs qualifiés en fonction de leurs compétences et de leur aptitude à contribuer à l’économie du Canada.

[Entrée express](https://www.canada.ca/fr/immigration-refugies-citoyennete/services/immigrer-canada/entree-express/fonctionnement.html) gère les demandes présentées au titre de 3 programmes d’immigration :

-   [Programme des travailleurs qualifiés (fédéral)](https://www.canada.ca/fr/immigration-refugies-citoyennete/services/immigrer-canada/entree-express/admissibilite/travailleurs-qualifies-federal.html)
-   [Programme des travailleurs de métiers spécialisés (fédéral)](https://www.canada.ca/fr/immigration-refugies-citoyennete/services/immigrer-canada/entree-express/admissibilite/metiers-specialises.html)
-   [Catégorie de l’expérience canadienne](https://www.canada.ca/fr/immigration-refugies-citoyennete/services/immigrer-canada/entree-express/admissibilite/categorie-experience-canadienne.html)

## Sélectionnez l’un des programmes ci-dessus pour voir les exigences détaillées ou

-   **[comparez tous les programmes](https://www.canada.ca/fr/immigration-refugies-citoyennete/services/immigrer-canada/entree-express/admissibilite/comparaison.html)**

Vous pouvez également présenter une demande au moyen d’Entrée express pour le [Programme des candidats des provinces](https://www.canada.ca/fr/immigration-refugies-citoyennete/services/immigrer-canada/candidats-provinces.html) si vous êtes admissible à l’un des programmes ci-dessus. Si vous êtes désigné, vous obtiendrez des points supplémentaires qui vous permettront d’être invité à présenter une demande rapidement.
"
Admissibilité aux programmes d’Entrée express : Qui peut présenter une demande au titre du Programme des travailleurs qualifiés (fédéral),https://www.canada.ca/fr/immigration-refugies-citoyennete/services/immigrer-canada/entree-express/admissibilite/travailleurs-qualifies-federal.html,"""---
created: 2024-07-05T02:40:58 (UTC +01:00)
tags: [Travailleurs qualifiés; Citoyenneté; Immigration]
source: https://www.canada.ca/fr/immigration-refugies-citoyennete/services/immigrer-canada/entree-express/admissibilite/travailleurs-qualifies-federal.html
author: Immigration, Réfugiés et Citoyenneté Canada
---

# Admissibilité aux programmes d’Entrée express : Qui peut présenter une demande au titre du Programme des travailleurs qualifiés (fédéral) - Canada.ca

> ## Excerpt
> Admissibilité au Programme des travailleurs qualifiés (fédéral) (Entrée express)

---
## Exigences minimales

Pour être admissible, vous devez remplir **toutes** les exigences minimales concernant :

-   l’expérience de travail qualifié
-   les compétences linguistiques
-   les études

Si vous répondez à toutes les exigences minimales, nous évaluerons votre demande en fonction d’autres [critères de sélection](https://www.canada.ca/fr/immigration-refugies-citoyennete/services/immigrer-canada/entree-express/admissibilite/travailleurs-qualifies-federal.html#selection).

### Expérience de travail qualifié

Une expérience de travail qualifié signifie que vous avez occupé un emploi dans l’une des catégories FÉER suivantes de la [Classification nationale des professions](https://www.canada.ca/fr/immigration-refugies-citoyennete/services/immigrer-canada/entree-express/admissibilite/trouver-classification-nationale-professions.html) (CNP) :

-   FÉER 0,
-   FÉER 1,
-   FÉER 2,
-   FÉER 3,

Vous devez montrer que, dans le cadre de votre **profession principale**, vous avez exercé :

-   les fonctions qui figurent dans **l’énoncé principal** de la description de la profession de la CNP; et,
-   la plupart des fonctions principales énumérées.

Votre profession principale est l’emploi dans :

-   lequel vous avez acquis de l’expérience;
-   sur laquelle vous souhaitez fonder votre demande d’immigration, si vous avez reçu une invitation à présenter une demande.

Votre occupation principale n’est peut-être pas votre expérience de travail la plus récente. Si vous n’avez pas l’expérience de travail minimale dans la Classification nationale des professions (CNP) que vous choisissez, vous pourriez ne pas être admissible.

Votre expérience de travail qualifié doit :

-   avoir été acquise dans le même type d’emploi (avoir la même désignation de la CNP) que l’emploi que vous voulez utiliser pour votre demande d’immigration (appelé votre profession principale)
-   avoir été acquise au cours des 10 dernières années, au Canada ou à l’étranger
-   provenir d’un travail rémunéré (vous devez avoir reçu un salaire ou une commission – le bénévolat ou les stages non rémunérés ne comptent pas)
-   comporter au moins **1 année de travail continu** ou 1 560 heures au total (30 heures par semaine)
    -   Vous pouvez répondre à cette exigence de différentes façons :
        -   **à temps plein dans 1 emploi** : 30 heures par semaine pendant 12 mois = 1 an à temps plein (1 560 heures)
        -   **même durée à temps partiel** : par exemple 15 heures par semaine pendant 24 mois = 1 an à temps plein (1 560 heures)
            -   Vous pouvez avoir autant d’emplois à temps partiel que nécessaire pour répondre à cette exigence.
        -   **à plein temps dans plus d’un emploi** : 30 heures par semaine pendant 12 mois dans plus d’un emploi = 1 an à temps plein (1 560 heures)

#### Expérience de travail à temps partiel

Votre expérience de travail qualifié doit être un travail rémunéré, y compris un salaire payé ou une commission gagnée. Nous ne comptons pas le travail bénévole ni les stages non rémunérés.

Dans le cas d’un travail à temps partiel, vous pouvez travailler environ 15 heures par semaine à condition de cumuler 1 560 heures. Vous pouvez travailler plus d’un emploi à temps partiel pour obtenir les heures dont vous avez besoin pour postuler.

Nous **ne** comptons **pas** les heures travaillées au-delà de 30 heures par semaine.

#### Expérience de travail étudiant

L’expérience de travail acquise pendant que vous étiez aux études peut être prise en compte pour répondre à vos **exigences minimales** si les conditions suivantes sont remplies :

-   le travail a été rémunéré par un salaire ou des commissions;
-   le travail a été continu (pas de discontinuité dans l’emploi);
-   le travail a satisfait à toutes les autres [exigences du Programme](https://www.canada.ca/fr/immigration-refugies-citoyennete/services/immigrer-canada/entree-express/admissibilite/travailleurs-qualifies-federal.html#exigences).

### Compétences linguistiques

Vous devez :

-   [passer des tests de langue approuvés](https://www.canada.ca/fr/immigration-refugies-citoyennete/services/immigrer-canada/entree-express/documents/exigences-linguistiques/evaluation-competences-linguistiques.html) en français ou en anglais pour :
    -   l’écriture,
    -   la lecture,
    -   la compréhension de l’oral,
    -   l’expression orale.
-   obtenir la [note minimale](https://www.canada.ca/fr/immigration-refugies-citoyennete/services/immigrer-canada/entree-express/documents/exigences-linguistiques.html) exigée pour les quatre compétences ci-dessus
-   entrer les résultats des tests dans votre profil d’Entrée express

Vos tests de langue sont valides pendant deux ans à compter de la date du résultat du test. Ils doivent être valides le jour de la demande de résidence permanente.

### Études

Si vous avez étudié au Canada, vous devez détenir un certificat, un diplôme ou un grade :

-   d’un établissement d’enseignement secondaire canadien; ou
-   d’un établissement d’enseignement postsecondaire canadien.

Si vous avez fait des études à l’étranger, vous devez avoir :

-   un [titre de scolarisation étranger](https://www.canada.ca/fr/services/immigration-citoyennete/centre-aide/glossaire.html#titre_de_scolarisation);
-   une [évaluation des diplômes d’études (EDE)](https://www.canada.ca/fr/immigration-refugies-citoyennete/services/immigrer-canada/entree-express/documents/evaluer-diplomes-etudes.html) **à des fins d’immigration** qui
    -   provient d’un [organisme désigné](https://www.canada.ca/fr/immigration-refugies-citoyennete/services/immigrer-canada/entree-express/documents/evaluer-diplomes-etudes/comment.html)
    -   montre que vos études équivalent à un certificat, à un diplôme ou à un grade d’un établissement d’enseignement secondaire canadien, ou d’un établissement d’enseignement postsecondaire canadien.

## Critères de sélection

Si vous répondez à **toutes** les exigences minimales, nous évaluerons votre admissibilité au Programme des travailleurs qualifiés (fédéral) en fonction de :

-   votre âge;
-   vos études;
-   votre expérience de travail;
-   le fait que vous ayez ou non une offre d’emploi valide;
-   vos compétences linguistiques en français ou en anglais;
-   votre faculté d’adaptation (à quel point vous pourrez bien vous établir ici).

Selon les points que vous obtenez pour chacun de ces 6 critères, nous vous attribuerons une note globale sur 100.

La note de passage actuelle est de **67 points**.

-   Découvrez comment les points des critères de sélection sont calculés pour les travailleurs qualifiés (fédéral).

**Ces points sont différents des points que nous utilisons pour** [classer votre profil dans le bassin d’Entrée express](https://ircc.canada.ca/francais/immigrer/qualifie/scg-outil.asp).

### Comment nous utilisons les points des critères de sélection

Nous utilisons les points des critères de sélection pour évaluer **si vous êtes admissible au Programme des travailleurs qualifiés (fédéral)**.

Une fois que vous êtes inscrit dans le bassin d’Entrée express, nous utilisons [un autre système pour classer votre profil](https://www.canada.ca/fr/immigration-refugies-citoyennete/services/immigrer-canada/entree-express/admissibilite/criteres-systeme-classement-global.html). Nous sélectionnons les candidats du bassin ayant obtenu les notes les plus élevées et les invitons à présenter une demande de résidence permanente.

## Preuve de fonds

Vous devez démontrer que vous avez des [fonds suffisants pour vous établir au Canada avec votre famille](https://www.canada.ca/fr/immigration-refugies-citoyennete/services/immigrer-canada/entree-express/documents/preuve-fonds-suffisants.html), à moins que :

-   vous ayez le droit de [travailler légalement au Canada](https://www.canada.ca/fr/immigration-refugies-citoyennete/services/travailler-canada.html) à l’heure actuelle;
-   vous ayez une [offre d’emploi valide](https://www.canada.ca/fr/immigration-refugies-citoyennete/services/immigrer-canada/entree-express/documents/offre-emploi.html) d’un employeur du Canada.

## Admissibilité

Vous devez être [admissible à entrer au Canada](https://www.canada.ca/fr/immigration-refugies-citoyennete/services/immigrer-canada/interdiction-territoire.html).

## Où vous pouvez habiter au Canada

Vous devez prévoir habiter à l’extérieur de la province de Québec. La province de Québec sélectionne ses propres travailleurs qualifiés. Si vous avez l’intention d’habiter au Québec, consultez la page [Travailleurs qualifiés sélectionnés par le Québec](https://www.canada.ca/fr/immigration-refugies-citoyennete/services/immigrer-canada/travailleurs-qualifies-quebec.html) pour en savoir plus.

Lorsque vous remplirez votre profil, nous vous demanderons où vous prévoyez habiter au Canada. Vous n’avez pas à vous établir dans cette province ou ce territoire.

Si vous êtes un candidat d’une province, vous **devez** vous établir dans la province ou le territoire qui vous a désigné.

## Prochaines étapes

-   [Préparer vos documents](https://www.canada.ca/fr/immigration-refugies-citoyennete/services/immigrer-canada/entree-express/documents.html)
-   [Soumettre votre profil](https://www.canada.ca/fr/immigration-refugies-citoyennete/services/immigrer-canada/entree-express/soumettre-profil.html)
"
"
Admissibilité aux programmes d’Entrée express : Qui peut présenter une demande au titre du des travailleurs de métiers spécialisés (fédéral)",https://www.canada.ca/fr/immigration-refugies-citoyennete/services/immigrer-canada/entree-express/admissibilite/metiers-specialises.html,"""---
created: 2024-07-05T02:41:39 (UTC +01:00)
tags: [Immigration; Visa; Résident permanent]
source: https://www.canada.ca/fr/immigration-refugies-citoyennete/services/immigrer-canada/entree-express/admissibilite/metiers-specialises.html
author: Immigration, Réfugiés et Citoyenneté Canada
---

# Admissibilité aux programmes d’Entrée express : Qui peut présenter une demande au titre du des travailleurs de métiers spécialisés (fédéral) - Canada.ca

> ## Excerpt
> Admissibilité au Programme des travailleurs de métiers spécialisés (fédéral) (Entrée express)

---
## Exigences minimales

Pour être admissible, vous devez remplir **toutes** les exigences minimales concernant :

-   votre expérience de travail qualifié dans des métiers spécialisés;
-   votre offre d’emploi ou certificat d’aptitude;
-   vos compétences linguistiques.

### Expérience de travail qualifié dans des métiers spécialisés

Vous devez :

-   avoir acquis au moins [**2 ans** d’expérience de travail à temps plein](https://www.canada.ca/fr/immigration-refugies-citoyennete/services/immigrer-canada/entree-express/admissibilite/metiers-specialises.html#light-box-a-certificate) (ou une expérience équivalente à temps partiel) dans un [métier spécialisé](https://www.canada.ca/fr/immigration-refugies-citoyennete/services/immigrer-canada/entree-express/admissibilite/metiers-specialises.html#groupes-cnp) **au cours des 5 années** précédant votre demande;
-   répondre aux exigences en matière d’emploi pour ce métier spécialisé, tel qu’énoncées dans la Classification nationale des professions (CNP);
-   montrer que vous avez exercé :
    -   les fonctions qui figurent dans **l’énoncé principal** de la description de la profession de la CNP;
    -   la plupart des fonctions principales énumérées.

Si vous étiez qualifié dans un pays, mais que vous avez travaillé dans un autre pays avec des règles différentes pour exercer votre métier, vous devez également avoir satisfait aux exigences pour y exercer de manière autonome.

#### Groupes CNP des métiers spécialisés

Votre expérience de travail doit être dans l’un des groupes CNP suivants :

-   Grand groupe 72, officiers/officières et contrôleurs/contrôleuses des métiers techniques et des transports;
    -   à l’exclusion du sous-grand groupe 726, officiers/officières et contrôleurs/contrôleuses des services de transport;
-   Grand groupe 73, métiers généraux;
-   Grand groupe 82, superviseurs/superviseures en ressources naturelles, en agriculture et en production connexe;
-   Grand groupe 83, personnel en ressources naturelles et en production connexe;
-   Grand groupe 92, personnel de supervision dans la transformation, la fabrication et les services d’utilité publique et opérateurs/opératrices et contrôleurs/contrôleuses d’utilités publiques;
-   Grand groupe 93, opérateurs/opératrices de poste central de contrôle et monteurs/monteuses et inspecteurs/inspectrices de montage d’aéronefs, à l’exclusion du sous-grand groupe 932, monteurs/monteuses d’aéronefs et contrôleurs/contrôleuses de montage d’aéronefs;
-   Sous-groupe 6320, cuisiniers/cuisinières, bouchers/bouchères et boulangers-pâtissiers/boulangères-pâtissières;
-   Groupe de base 62200, cuisiniers/cuisinières.

[Trouvez le titre et le code de votre profession dans la CNP ainsi que la Formation, éducation, expérience et responsabilités connexes](https://www.canada.ca/fr/immigration-refugies-citoyennete/services/immigrer-canada/entree-express/admissibilite/trouver-classification-nationale-professions.html).

Nous refuserons votre demande si :

-   vous ne montrez pas que votre expérience correspond à la description de la CNP;
-   vous n’aviez pas les qualifications pour exercer la profession de façon autonome au moment de votre expérience professionnelle.

Votre expérience de travail doit provenir d’un travail rémunéré (autrement dit, vous devez avoir reçu un salaire ou une commission). Nous ne comptons pas le bénévolat ou les stages non rémunérés.

### Offre d’emploi ou certificat d’aptitude

Vous devez avoir soit :

-   une [offre d’emploi à temps plein valide](https://www.canada.ca/fr/immigration-refugies-citoyennete/services/immigrer-canada/entree-express/documents/offre-emploi.html) pour une période totale d’au moins 1 an; **ou**
-   un [certificat d’aptitude](https://www.canada.ca/fr/immigration-refugies-citoyennete/services/immigrer-canada/entree-express/admissibilite/metiers-specialises.html#certificat) dans ce métier spécialisé [délivré par une autorité provinciale, territoriale ou fédérale canadienne](https://www.canada.ca/fr/immigration-refugies-citoyennete/services/immigrer-canada/entree-express/admissibilite/metiers-specialises.html#provinces).

#### Certificat d’aptitude

Un certificat d’aptitude prouve que vous êtes qualifié pour exercer une profession dans un certain métier spécialisé au Canada. Ceci veut dire que vous avez :

-   passé un examen visant l’obtention d’un certificat;
-   répondu à toutes les exigences pour exercer votre métier spécialisé dans la province ou le territoire qui a octroyé le certificat.

Ce certificat est octroyé par :

-   [l’organisme provincial ou territorial qui régit les métiers](https://www.canada.ca/fr/immigration-refugies-citoyennete/services/immigrer-canada/entree-express/admissibilite/metiers-specialises.html#provinces) dans l a province ou le territoire;
-   une [autorité fédérale](https://www.canada.ca/fr/immigration-refugies-citoyennete/services/immigrer-canada/entree-express/admissibilite/metiers-specialises.html#federal).

Selon l’organisme ou l’autorité qui octroie le certificat, ce dernier pourrait être appelé «  certificat d’aptitude  » ou «  certificat de compétence  ».

Pour obtenir un certificat, l’autorité provinciale, territoriale ou fédérale doit examiner votre formation, votre expérience dans le métier spécialisé et vos compétences pour déterminer si vous êtes admissible à passer un examen visant l’obtention d’un certificat.

##### Évaluation par la province ou le territoire

Chaque province a :

-   ses propres exigences en matière de certificat d’aptitude;
-   son propre processus de qualification.

Vous pourriez avoir à :

-   vous rendre dans la province ou le territoire pour être évalué dans votre métier spécialisé;
-   trouver un employeur au Canada pour obtenir l’expérience et la formation requises.

Pour en apprendre davantage au sujet de l’évaluation, consultez le site web de l’organisme qui régit les métiers dans la province ou le territoire où vous voulez vivre et travailler.

-   [Alberta](https://tradesecrets.alberta.ca/become-certified/) (en anglais seulement)
-   [Colombie-Britannique](https://skilledtradesbc.ca/skilledtradescertification) (en anglais seulement)
-   [Manitoba](https://www.manitoba.ca/aesi/apprenticeship/discover/index.html) (en anglais seulement)
-   [Nouveau-Brunswick](http://www2.gnb.ca/content/gnb/fr/ministeres/education_postsecondaire_formation_et_travail/Competences/content/ApprentissageEtCertificationProfessionnelle/ProfessionsDesignees.html)
-   [Terre-Neuve-et-Labrador](https://www.gov.nl.ca/atcd/) (en anglais seulement)
-   [Territoires du Nord-Ouest](https://www.ece.gov.nt.ca/fr/services/metiers-et-programmes-dapprentissage)
-   [Nouvelle-Écosse](https://www.nsapprenticeship.ca/register-apprentice) (en anglais seulement)
-   [Nunavut](https://www.gov.nu.ca/fr/family-services/information/supports-apprentices-and-their-employers)
-   [Ontario](https://www.ontario.ca/fr/page/exercer-votre-profession-ou-votre-metier)
-   [Île-du-Prince- Édouard](https://www.princeedwardisland.ca/fr/sujet/formation-en-apprentissage-et-reconnaissance-professionnelle-dans-les-metiers-specialises) (en anglais seulement)
-   [Saskatchewan](https://saskapprenticeship.ca/apply-for-exams/) (en anglais seulement)
-   [Yukon](https://yukon.ca/fr/education-et-ecoles/metiers-et-programmes-dapprentissage/obtenir-un-certificat-de-competence-au-0)

Si la province ou le territoire où vous comptez vivre et travailler n’octroie pas de certificats d’aptitude dans votre métier spécialisé, **vous devez avoir une [offre d’emploi valide](https://www.canada.ca/fr/immigration-refugies-citoyennete/services/immigrer-canada/entree-express/documents/offre-emploi.html) pour être admissible au programme**.

##### Si votre métier est réglementé par le gouvernement fédéral

Si votre métier n’est pas réglementé par une province ou un territoire (par exemple, mécanicien d’avion), il se peut qu’il soit réglementé par le gouvernement fédéral.

[Découvrez qui réglemente votre métier et comment être évalué](https://www.cicdi.ca/827/trouver_une_profession_resultats.canada?search=&cat=1&tp=7&cid=) à travers le Centre d’information canadien sur les diplômes internationaux.

### Compétences linguistiques

Vous devez :

-   [passer les tests de langue approuvés pour](https://www.canada.ca/fr/immigration-refugies-citoyennete/services/immigrer-canada/entree-express/documents/exigences-linguistiques/evaluation-competences-linguistiques.html) :
    -   l’écriture,
    -   la lecture,
    -   la compréhension de l’oral,
    -   l’expression orale,
-   obtenir la [note minimale](https://www.canada.ca/fr/immigration-refugies-citoyennete/services/immigrer-canada/entree-express/documents/exigences-linguistiques.html) exigée
-   entrer les [résultats du test](https://www.canada.ca/fr/immigration-refugies-citoyennete/services/immigrer-canada/entree-express/documents/exigences-linguistiques/evaluation-competences-linguistiques.html) dans votre profil d’Entrée express.

Vos tests de langue :

-   sont valides 2 ans à compter de la date du résultat du test;
-   doivent être valides le jour de la présentation de la demande de résidence permanente.

## Études

Le Programme des travailleurs de métiers spécialisés (fédéral) ne comporte pas d’exigences en matière d’études.

Si vous voulez améliorer votre [classement dans le bassin d’Entrée express](https://www.canada.ca/fr/immigration-refugies-citoyennete/services/immigrer-canada/entree-express/admissibilite/criteres-systeme-classement-global/grille.html), il y a 2 façons de le faire.

1.  Si vous avez étudié au Canada, vous pouvez obtenir des points si vous détenez un certificat, un diplôme ou un grade :
    -   d’un établissement d’enseignement secondaire canadien; ou
    -   d’un établissement d’enseignement postsecondaire canadien.
2.  Si vous avez fait des études à l’étranger, vous pouvez obtenir des points si vous avez les 2 documents suivants :
    -   un [titre de scolarisation](https://www.canada.ca/fr/services/immigration-citoyennete/centre-aide/glossaire.html#titre_de_scolarisation) étranger;
    -   une [évaluation des diplômes d’études](https://www.canada.ca/fr/immigration-refugies-citoyennete/services/immigrer-canada/entree-express/documents/evaluer-diplomes-etudes.html) **à des fins d’immigration** qui
        -   provient d’un [organisme désigné](https://www.canada.ca/fr/immigration-refugies-citoyennete/services/immigrer-canada/entree-express/documents/evaluer-diplomes-etudes/comment.html);
        -   montre que vos études équivalent à un certificat, à un diplôme ou à un grade d’un établissement d’enseignement secondaire canadien, ou d’un établissement d’enseignement postsecondaire canadien.

## Preuve de fonds

Vous devez démontrer que vous disposez d’assez [d’argent pour subvenir à vos besoins et à ceux de votre famille](https://www.canada.ca/fr/immigration-refugies-citoyennete/services/immigrer-canada/entree-express/documents/preuve-fonds-suffisants.html) à moins que vous :

-   soyiez, en fait, autorisé à travailler au Canada;
-   et déteniez une [offre d’emploi valide](https://www.canada.ca/fr/immigration-refugies-citoyennete/services/immigrer-canada/entree-express/documents/offre-emploi.html) d’un employeur au Canada.

## Admissibilité

Vous devez être [admissible à entrer au Canada](https://www.canada.ca/fr/immigration-refugies-citoyennete/services/immigrer-canada/interdiction-territoire.html).

## Où vous pouvez habiter au Canada

Vous devez prévoir d’habiter à l’extérieur de la province de Québec. La province de Québec sélectionne ses propres travailleurs qualifiés. Si vous avez l’intention d’habiter au Québec, consultez la page [Travailleurs qualifiés sélectionnés par le Québec](https://www.canada.ca/fr/immigration-refugies-citoyennete/services/immigrer-canada/travailleurs-qualifies-quebec/presenter-demande.html) pour plus de renseignements.

Lorsque vous remplirez votre profil, nous vous demanderons où vous prévoyez habiter au Canada. Vous n’avez pas à vous établir dans cette province ou ce territoire.

Si vous êtes un candidat d’une province, vous **devez** vous établir dans la province ou le territoire qui vous a désigné.

## Prochaines étapes

-   [Préparer vos documents](https://www.canada.ca/fr/immigration-refugies-citoyennete/services/immigrer-canada/entree-express/documents.html)
-   [Soumettre votre profil](https://www.canada.ca/fr/immigration-refugies-citoyennete/services/immigrer-canada/entree-express/documents.html)
"
 Vous souhaitez venir au Canada à titre d’immigrant qualifié?,"https://www.canada.ca/fr/immigration-refugies-citoyennete/services/outil-venir-canada-immigration-entree-express.htmll,","""---
created: 2024-07-05T16:00:53 (UTC +01:00)
tags: [Venir au Canada]
source: https://www.canada.ca/fr/immigration-refugies-citoyennete/services/outil-venir-canada-immigration-entree-express.html
author: Immigration, Réfugiés et Citoyenneté Canada
---

# Vous souhaitez venir au Canada à titre d’immigrant qualifié? - Canada.ca

> ## Excerpt
> Répondez à quelques questions pour déterminer quels sont les programmes d’immigration au titre desquels vous pouvez présenter une demande

---
## Découvrez si vous pouvez présenter une demande

Vous souhaitez vivre au Canada en permanence et avoir un emploi qualifié?

Vous n’avez qu’à répondre à quelques questions pour savoir si vous êtes admissible à présenter une demande dans le cadre d’Entrée express.

Trois programmes d’immigration sont visés par Entrée express, chacun étant assorti d’exigences différentes. Il vous faudra de 10 à 15 minutes pour remplir le formulaire.

Vous pourriez avoir à répondre à des questions sur :

-   votre nationalité;
-   votre âge;
-   votre maîtrise de la langue;
-   les membres de votre famille;
-   vos études;
-   votre expérience de travail;
-   vos fonds disponibles;
-   les détails de toute offre d’emploi.

En fonction de vos réponses, nous vous dirons quels sont les programmes au titre desquels vous pouvez présenter une demande. Soyez aussi exact que possible.

Si vous êtes admissible à présenter une demande dans le cadre d’Entrée express, nous vous communiquerons une liste d’instructions détaillées vous indiquant les prochaines étapes, notamment la création d’un profil en ligne.

En fonction de ce profil, si vous répondez aux exigences, votre candidature sera placée dans un bassin de candidats à l’immigration, et vous recevrez possiblement une invitation à présenter une demande d’immigration."
"
Immigrer dans le cadre d’Entrée express : Admissibilité aux programmes",https://www.canada.ca/fr/immigration-refugies-citoyennete/services/immigrer-canada/entree-express/admissibilite.html,"""---
created: 2024-07-05T16:01:38 (UTC +01:00)
tags: [Travailleurs qualifiés; Citoyenneté; Immigration]
source: https://www.canada.ca/fr/immigration-refugies-citoyennete/services/immigrer-canada/entree-express/admissibilite.html
author: Immigration, Réfugiés et Citoyenneté Canada
---

# Immigrer dans le cadre d’Entrée express : Admissibilité aux programmes - Canada.ca

> ## Excerpt
> Qui peut présenter une demande – Immigrants qualifiés (Entrée express)

---
Nous sélectionnons les travailleurs qualifiés en fonction de leurs compétences et de leur aptitude à contribuer à l’économie du Canada.

[Entrée express](https://www.canada.ca/fr/immigration-refugies-citoyennete/services/immigrer-canada/entree-express/fonctionnement.html) gère les demandes présentées au titre de 3 programmes d’immigration :

-   [Programme des travailleurs qualifiés (fédéral)](https://www.canada.ca/fr/immigration-refugies-citoyennete/services/immigrer-canada/entree-express/admissibilite/travailleurs-qualifies-federal.html)
-   [Programme des travailleurs de métiers spécialisés (fédéral)](https://www.canada.ca/fr/immigration-refugies-citoyennete/services/immigrer-canada/entree-express/admissibilite/metiers-specialises.html)
-   [Catégorie de l’expérience canadienne](https://www.canada.ca/fr/immigration-refugies-citoyennete/services/immigrer-canada/entree-express/admissibilite/categorie-experience-canadienne.html)

## Sélectionnez l’un des programmes ci-dessus pour voir les exigences détaillées ou

-   **[comparez tous les programmes](https://www.canada.ca/fr/immigration-refugies-citoyennete/services/immigrer-canada/entree-express/admissibilite/comparaison.html)**

Vous pouvez également présenter une demande au moyen d’Entrée express pour le [Programme des candidats des provinces](https://www.canada.ca/fr/immigration-refugies-citoyennete/services/immigrer-canada/candidats-provinces.html) si vous êtes admissible à l’un des programmes ci-dessus. Si vous êtes désigné, vous obtiendrez des points supplémentaires qui vous permettront d’être invité à présenter une demande rapidement."
"
Système de classement global (SCG) : immigrants qualifiés (Entrée express)",https://ircc.canada.ca/francais/immigrer/qualifie/scg-outil.asp,"""---
created: 2024-07-05T16:02:25 (UTC +01:00)
tags: [Travailleurs qualifiés; Citoyenneté; Immigration]
source: https://ircc.canada.ca/francais/immigrer/qualifie/scg-outil.asp
author: 
---

# Système de classement global (SCG) : immigrants qualifiés (Entrée express)

> ## Excerpt
> Système de classement global (SCG) : immigrants qualifiés (Entrée express)

---
**Avis de non-responsabilité :** Cet outil ne sert qu'à des fins de référence et d'orientation générale. En cas de divergence entre les résultats obtenus à l'aide de ce questionnaire et ceux générés par le système électronique Entrée express, les résultats générés par le système auront préséance, conformément aux dispositions de la Loi sur l'immigration et la protection des réfugiés (LIPR), du Règlement sur l'immigration et la protection des réfugiés et des instructions ministérielles prises en vertu de l'article 10.3 de la LIPR. Cet outil sera mis à jour de manière ponctuelle, en fonction des modifications apportées aux instructions ministérielles régissant le système Entrée express.

Cet outil vous aidera à calculer votre pointage en vertu du Système de classement global (SCG) selon les réponses que vous fournirez ci-dessous. Le SCG est un système de points grâce auquel [votre profil](https://www.canada.ca/fr/immigration-refugies-citoyennete/services/immigrer-canada/entree-express/soumettre-profil.html) est évalué et noté afin de le classer dans le bassin Entrée express. Il est utilisé pour évaluer :

-   vos compétences;
-   vos études;
-   vos compétences linguistiques;
-   votre expérience professionnelle;
-   d’autres facteurs.

## Servez-vous de cet outil si :

-   vous êtes [admissible à au moins 1 programme visé par Entrée express](https://www.canada.ca/fr/immigration-refugies-citoyennete/services/immigrer-canada/entree-express/admissibilite.html)  
    et
-   vous **n’avez pas rempli un profil Entrée express**, mais vous souhaitez savoir la note que vous pourriez obtenir dans le cadre du [système de classement global (SCG)](https://www.canada.ca/fr/immigration-refugies-citoyennete/services/immigrer-canada/entree-express/admissibilite/criteres-systeme-classement-global.html) si vous le faites  
    ou
-   vous **avez été invité à présenter une demande de résidence permanente** et vous souhaitez voir si un changement à votre profil pourrait avoir une incidence sur votre note du SCG.

Pour recevoir une invitation à présenter une demande, votre note du SCG doit être supérieure à la note minimale de votre [ronde d’invitations](https://www.canada.ca/fr/immigration-refugies-citoyennete/organisation/mandat/politiques-directives-operationnelles-ententes-accords/instructions-ministerielles/entree-express-rondes.html) (la note de césure pourrait varier à chaque ronde).

1) Quel est votre état matrimonial?"
"
Immigrer dans le cadre d’Entrée express : Les documents",https://www.canada.ca/fr/immigration-refugies-citoyennete/services/immigrer-canada/entree-express/documents.html,"""---
created: 2024-07-05T16:03:11 (UTC +01:00)
tags: [documents,résidence permanente,demande,complète,certificats de police,examens linguistiques,offres d’emploi,examens médicaux,preuve de fonds suffisants,fonds requis pour la réinstallation,compléter dûment rempli,remplir]
source: https://www.canada.ca/fr/immigration-refugies-citoyennete/services/immigrer-canada/entree-express/documents.html
author: Immigration, Réfugiés et Citoyenneté Canada
---

# Immigrer dans le cadre d’Entrée express : Les documents - Canada.ca

> ## Excerpt
> Résultats des examens linguistiques, évaluations des études, offres d’emploi, certificats de police, examens médicaux, preuve de fonds suffisants.

---
Vous avez besoin de certains documents aux différentes étapes du processus de demande d’Entrée express.

## Documents pour votre profil

Vous n’avez pas besoin de téléverser des documents pour soumettre un profil, mais vous pourriez avoir besoin de renseignements provenant de quelques-uns ou de l’ensemble des documents suivants :

-   passeport ou document de voyage;
    -   **titulaires de passeport du Venezuela :** Il est possible que vous deviez [franchir des étapes supplémentaires à la création d’un profil ou lorsque vous remplissez votre demande](https://www.canada.ca/fr/immigration-refugies-citoyennete/services/immigrer-canada/entree-express/documents.html#centred-popup1);
-   [résultats d’examen linguistique](https://www.canada.ca/fr/immigration-refugies-citoyennete/services/immigrer-canada/entree-express/documents/exigences-linguistiques.html);
-   preuves d’études au Canada ou une [évaluation des diplômes d’études](https://www.canada.ca/fr/immigration-refugies-citoyennete/services/immigrer-canada/entree-express/documents/evaluer-diplomes-etudes.html) aux fins d’immigration **si** :
    -   vous présentez une demande au titre du Programme des travailleurs qualifiés (fédéral); **ou**
    -   vous voulez obtenir des points pour les études que vous avez faites à l’extérieur du Canada;
-   [désignation d’une province](https://www.canada.ca/fr/immigration-refugies-citoyennete/services/immigrer-canada/candidats-provinces/entree-express/obtenir-confirmer-designation.html) (si vous en avez une);
-   [offre d’emploi écrite d’un employeur au Canada](https://www.canada.ca/fr/immigration-refugies-citoyennete/services/immigrer-canada/entree-express/documents/offre-emploi.html) (si vous en avez une);
-   preuve d’expérience de travail;
-   certificat de qualification dans un métier spécialisé décerné au Canada par une province ou un territoire (si vous en avez un);
-   preuves de fonds.

## Documents pour votre demande de résidence permanente

Si nous vous invitons à présenter une demande, vous devrez téléverser des copies des documents que vous avez utilisés pour votre profil (consulter la liste ci-dessus). La plupart des demandeurs auront aussi besoin de téléverser ce qui suit :

-   des [certificats de police](https://www.canada.ca/fr/immigration-refugies-citoyennete/services/immigrer-canada/entree-express/presenter-demande-residence-permanente/certificats-police.html);
-   une [preuve de fonds](https://www.canada.ca/fr/immigration-refugies-citoyennete/services/immigrer-canada/entree-express/documents/preuve-fonds-suffisants.html) suffisants;
-   un certificat de naissance, si vous déclarez avoir des enfants à votre charge;
-   le [formulaire Recours aux services d’un représentant (PDF, 215 Ko)](https://www.canada.ca/content/dam/ircc/migration/ircc/francais/pdf/trousses/form/imm5476f.pdf), si vous retenez les services d’un représentant;
-   le [formulaire Déclaration officielle d’union de fait (PDF, 2,30 Mo)](https://www.canada.ca/content/dam/ircc/migration/ircc/francais/pdf/trousses/form/imm5409f.pdf), si vous avez déclaré que votre état matrimonial est « en union de fait »;
-   un certificat de mariage, si vous avez déclaré que votre état matrimonial est « marié » ou « mariée »;
-   un certificat de divorce et une entente de séparation légale, si vous avez déclaré que votre état matrimonial est « divorcé » ou « divorcée »;
-   un certificat de décès, si vous avez déclaré que votre état matrimonial est « veuf » ou « veuve »;
-   un certificat d’adoption, lorsqu’il est indiqué qu’un enfant à votre charge est « adopté ».

## Autres documents

Vous avez seulement besoin de soumettre les documents ci-dessous si nous les avons inclus dans votre liste de contrôle personnalisée des documents. Votre demande pourrait ne pas être rejetée ou refusée si vous ne soumettez pas ces documents. Ils sont uniquement utilisés pour vérifier si vous satisfaites aux exigences du programme au titre duquel vous présentez une demande.

-   preuve d’un lien avec un parent au Canada;
-   photographies numériques pour confirmer votre identité;
-   autre nom pour confirmer les alias;
-   [autorisation de communiquer des renseignements personnels à une personne désignée (PDF, 1,83 Mo)](https://www.canada.ca/content/dam/ircc/migration/ircc/francais/pdf/trousses/form/imm5475f.pdf);
-   tout autre document qui, selon vous, est pertinent dans le cadre de votre demande.

## Étape suivante

[Soumettre un profil](https://www.canada.ca/fr/immigration-refugies-citoyennete/services/immigrer-canada/entree-express/soumettre-profil.html)"
"
Créer un profil d’Entrée express",https://www.canada.ca/fr/immigration-refugies-citoyennete/services/immigrer-canada/entree-express/soumettre-profil.html,"""---
created: 2024-07-05T16:04:07 (UTC +01:00)
tags: [Travailleurs qualifiés; immigration]
source: https://www.canada.ca/fr/immigration-refugies-citoyennete/services/immigrer-canada/entree-express/soumettre-profil.html
author: Immigration, Réfugiés et Citoyenneté Canada
---

# Créer un profil d’Entrée express - Canada.ca

> ## Excerpt
> Devenir candidat – Immigrants qualifiés (Entrée express)

---
Si vous souhaitez venir au Canada à titre d’immigrant qualifié, la première étape à suivre consiste à créer votre profil et à le soumettre dans le bassin d’Entrée express.

Si vous êtes admissible :

-   nous vous placerons dans un bassin avec d’autres personnes admissibles;
-   nous vous attribuerons une note et nous [déterminerons votre classement](https://www.canada.ca/fr/immigration-refugies-citoyennete/services/immigrer-canada/entree-express/admissibilite/criteres-systeme-classement-global.html) en fonction de plusieurs facteurs;
-   nous vous inviterons à présenter une demande de résidence permanente au Canada (si vous figurez parmi les candidats les mieux classés).

Le fait de remplir un profil d’Entrée express en ligne ou d’être accepté dans le bassin **ne garantit pas** que vous recevrez une invitation à présenter une demande de résidence permanente. Vous pouvez présenter une demande en ligne uniquement si **nous vous invitons** à le faire.

## Étape 1 : Vérifiez votre admissibilité

Utilisez un de nos outils en ligne pour déterminer si vous êtes admissible à présenter une demande au titre d’Entrée express. Cela ne prendra que 15 minutes de votre temps.

Si vous avez un époux ou un [conjoint de fait](https://www.canada.ca/fr/services/immigration-citoyennete/centre-aide/glossaire.html#conjoint_de_fait), l’un d’entre vous doit agir à titre de demandeur **principal**. Cette personne soumettra un profil et y indiquera le nom de son époux ou de son conjoint de fait.

Le demandeur principal doit être la personne la plus susceptible :

-   de répondre aux critères d’admissibilité;
-   d’obtenir la note la plus élevée compte tenu des [critères de sélection](https://www.canada.ca/fr/immigration-refugies-citoyennete/services/immigrer-canada/entree-express/admissibilite/travailleurs-qualifies-federal/six-criteres-selection-travailleurs-qualifies-federal.html) (si vous présentez votre demande dans le cadre du Programme des travailleurs qualifiés \[fédéral\]);
-   d’obtenir la note la plus élevée au [Système de classement global](https://ircc.canada.ca/francais/immigrer/qualifie/scg-outil.asp) d’Entrée express.

Deux options s’offrent à vous pour vérifier votre admissibilité.

### Découvrez si vous êtes admissibles à l’aide de l’assistant Venir au Canada

Répondez à quelques questions à l’aide d’un outil en ligne pour déterminer votre admissibilité.

Une fois que vous aurez terminé, l’outil vous fournira un numéro (code de référence personnel) qui ressemble à ceci : **JM1234567890**. Il vous faudra ce numéro pour transférer vos renseignements de l’outil jusqu’à votre profil d’Entrée express.

[Déterminez si vous êtes admissible](https://www.canada.ca/fr/immigration-refugies-citoyennete/services/outil-venir-canada-immigration-entree-express.html)

### Remplissez le questionnaire depuis votre compte sécurisé

1.  Ouvrez une session dans votre compte et choisissez **Présenter une demande pour venir au Canada** sous **Commencer une demande**.
2.  Choisissez « Entrée express » sous **Je n’ai pas de code de référence personnel**.
3.  Répondez aux questions.

[Ouvrez une session dans votre compte sécurisé](https://www.canada.ca/fr/immigration-refugies-citoyennete/services/demande/compte.html)

## Étape 2 : Créez votre profil d’Entrée express

**Si vous avez utilisé l’outil en ligne**

Si vous êtes admissible, l’outil en ligne vous dirigera vers votre compte en ligne, où vous remplirez votre profil d’Entrée express.

1.  Suivez les instructions pour créer un compte (si vous n’en avez pas déjà un).
2.  Entrez votre code de référence personnel lorsqu’on vous le demande (uniquement si vous en avez un).
3.  Entrez vos données personnelles.

Pour remplir votre profil, vous aurez besoin de ce qui suit :

-   renseignements tirés de [certains documents](https://www.canada.ca/fr/immigration-refugies-citoyennete/services/immigrer-canada/entree-express/documents.html) (par exemple, vos résultats à l’évaluation des compétences linguistiques);
-   votre titre de poste et votre code d’emploi d’après la [CNP](https://www.canada.ca/fr/immigration-refugies-citoyennete/services/immigrer-canada/entree-express/admissibilite/trouver-classification-nationale-professions.html).

Vous pouvez quitter votre profil en tout temps. Vos renseignements seront sauvegardés dans votre compte.

Vous avez **60 jours** pour remplir et soumettre votre profil d’Entrée express. Si vous ne respectez pas ce délai, vous devrez tout reprendre du début.

Lorsque vous créez votre profil d’Entrée express, on ne vous demandera pas d’entrer des renseignements au sujet de vos enfants à charge. Nous vous demanderons de transmettre ces renseignements uniquement si vous êtes invité à présenter une demande de résidence permanente.

## Étape 3 : Soumettez votre profil Entrée express

Une fois que vous aurez rempli votre profil, vous pourrez le soumettre en ligne. En fonction des renseignements que vous avez fournis, nous déterminerons à quel programme d’immigration visé par Entrée express vous êtes admissible et vous pourriez être invité à présenter une demande. Vous ne pouvez pas choisir votre programme de préférence lorsque vous créez votre profil.

[Découvrez ce qui se passe lorsque vous êtes admissible à plus d’un programme](https://ircc.canada.ca/francais/centre-aide/reponse.asp?qnum=1294&top=29)."
Présenter une demande de résidence permanente au titre d’Entrée express,https://www.canada.ca/fr/immigration-refugies-citoyennete/services/immigrer-canada/entree-express/presenter-demande-residence-permanente.html,"""---
created: 2024-07-05T16:05:15 (UTC +01:00)
tags: [Travailleurs qualifiés; immigration]
source: https://www.canada.ca/fr/immigration-refugies-citoyennete/services/immigrer-canada/entree-express/presenter-demande-residence-permanente.html
author: Immigration, Réfugiés et Citoyenneté Canada
---

# Présenter une demande de résidence permanente au titre d’Entrée express - Canada.ca

> ## Excerpt
> Comment remplir le formulaire en ligne une fois que l’on a reçu une invitation à présenter une demande de résidence permanente

---
### Si votre permis de travail est sur le point d’expirer

Si votre permis de travail expire avant que vous ne présentiez votre demande et que vous n’avez pas encore demandé un nouveau permis, votre note pourrait baisser.

Cela peut se produire si vous avez obtenu des [points pour une offre d’emploi](https://www.canada.ca/fr/immigration-refugies-citoyennete/services/immigrer-canada/entree-express/documents/offre-emploi.html), mais que le permis de travail lié à l’offre d’emploi a expiré avant que vous ne présentiez votre demande. Vous risquez alors de ne plus être admissible.

**Si votre note a baissé sous le seuil minimal pour votre ronde d’invitations, vous devez refuser l’invitation.** Si vous présentez tout de même votre demande, nous la rejetterons.

Si vous refusez l’invitation, votre nom demeurera dans le bassin. Vous devez [mettre à jour votre profil d’Entrée express](https://ircc.canada.ca/francais/centre-aide/reponse.asp?qnum=1005&top=29) pour indiquer le changement de votre situation d’emploi. Maintien de votre note du SCG supérieure à la note minimale de votre ronde d’invitations. ---
created: 2024-07-05T16:05:35 (UTC +01:00)
tags: [Liste de contrôle des documents,numérisation,téléversement,documents,traduction,passeport]
source: https://www.canada.ca/fr/immigration-refugies-citoyennete/services/immigrer-canada/entree-express/presenter-demande-residence-permanente/numeriser-televerser-documents.html
author: Immigration, Réfugiés et Citoyenneté Canada
---

# Présenter une demande de résidence permanente au titre d’Entrée express : Numériser et téléverser des documents - Canada.ca

> ## Excerpt
> Traduction, numérisation et téléversement des documents d’Entrée express nécessaires pour présenter une demande de résidence permanente

---
Vous devez soumettre [tous les documents obligatoires](https://www.canada.ca/fr/immigration-refugies-citoyennete/services/immigrer-canada/entree-express/documents.html). Le système vous donne une liste de contrôle personnalisée des documents une fois que vous avez rempli tous les champs dans le formulaire en ligne. Obtenez tous les documents qui figurent sur votre liste de contrôle.

## Traduction de documents

Si l’un de vos documents est rédigé dans une langue autre que le français ou l’anglais, vous devez également téléverser :

-   une traduction en français ou en anglais qui
    -   porte le timbre d’un [traducteur agréé](https://www.canada.ca/fr/services/immigration-citoyennete/centre-aide/glossaire.html#traducteur_agree)
        -   le traducteur doit photocopier votre document original et l’estampiller s’il s’agit du texte de départ pour sa traduction;
        -   les timbres et les sceaux qui ne sont ni en anglais ni en français doivent également être traduits;
        -   vous pouvez joindre une copie numérisée d’une lettre expliquant que vous n’avez pas besoin d’un affidavit parce que vous avez retenu les services d’un traducteur agréé.
    -   **Ou**
    -   est accompagnée d’un [affidavit](https://www.canada.ca/fr/services/immigration-citoyennete/centre-aide/glossaire.html#affidavit) de la personne ayant fait la traduction
        -   ayez recours à cette option seulement si une traduction ne peut pas être faite par un traducteur agréé;
        -   la traduction et le document de départ utilisé par le traducteur pour sa traduction doivent être mentionnés dans l’affidavit.
-   une copie numérisée du document original ou une copie numérisée d’une [photocopie certifiée](https://www.canada.ca/fr/services/immigration-citoyennete/centre-aide/glossaire.html#photocopie_certifiee) du document de départ original utilisés par le traducteur;
    -   vous devez seulement fournir une copie numérisée de la **photocopie certifiée** du document original si le document de la photocopie certifiée a servi comme texte de départ pour la traduction.

### Assurez-vous que votre traducteur est agréé

Un traducteur agréé est membre en règle d’une association professionnelle de traducteur au Canada ou ailleurs. Son statut de traducteur agréé doit être confirmé par un sceau ou un timbre dans lequel figure son numéro de membre.

Si le traducteur est en cours d’obtention de sa certification ou de son accréditation, il n’est pas considéré comme traducteur agréé aux fins d’IRCC.

### Qu’est-ce qu’un affidavit

Un affidavit pour une traduction est un document qui assure que la traduction est fidèle au texte original.

Le traducteur jure, devant un commissaire autorisé à faire prêter serment dans le pays où il réside, que sa traduction est une version exacte du document original. Le commissaire ou le notaire public doit maîtriser l’anglais ou le français pour pouvoir faire prêter le serment.

#### Qui peut recevoir un affidavit

**Au Canada,** un affidavit peut être reçu par un :

-   notaire public;
-   commissaire aux serments;
-   commissaire aux affidavits.

**À l’extérieur du Canada,** un affidavit peut être reçu par un notaire public ou l’équivalent.

#### Qui ne peut pas recevoir d’affidavit

Les affidavits ne doivent **pas** être pris par les personnes suivantes :

-   les demandeurs eux-mêmes;
-   les membres de la famille du demandeur, même s’ils sont avocats, notaires ou traducteurs agréés, y compris :
    -   parents,
    -   tuteurs,
    -   frères et sœurs,
    -   époux,
    -   conjoints de fait,
    -   partenaires conjugaux,
    -   grands-parents,
    -   enfants,
    -   oncles et tantes,
    -   nièces et neveux,
    -   cousins germains.

## Expiration de passeports

Vous devez avoir [un passeport valide](https://www.canada.ca/fr/immigration-refugies-citoyennete/services/passeport-document-voyage.html) pour venir au Canada.

Si votre passeport expire dans les 6 mois suivant la date de présentation de votre demande, vous devriez le renouveler. Ensuite, lorsque vous recevez votre nouveau passeport, [mettez à jour les renseignements relatifs à votre passeport dans votre demande](http://www.cic.gc.ca/francais/centre-aide/reponse.asp?qnum=1138&top=18). Cela garantira qu’il est valide lorsque nous traiterons votre demande, et permettra d’éviter des retards supplémentaires.

### Titulaires de passeport du Venezuela

Il est possible que vous deviez [franchir des étapes supplémentaires à la création d’un profil ou lorsque vous remplissez votre demande](https://www.canada.ca/fr/immigration-refugies-citoyennete/services/immigrer-canada/entree-express/presenter-demande-residence-permanente/numeriser-televerser-documents.html#centred-popup).

## Une fois que vos documents sont prêts

Faites des copies électroniques à l’aide d’un scanneur ou d’une caméra. Assurez-vous d’utiliser [un des formats acceptés](http://www.cic.gc.ca/francais/centre-aide/reponse.asp?qnum=1124&top=23).

Une fois que vos documents sont prêts, téléversez-les dans votre liste de contrôle des documents. ""---
created: 2024-07-05T16:05:57 (UTC +01:00)
tags: [paiement,frais,résidence permanente]
source: https://www.canada.ca/fr/immigration-refugies-citoyennete/services/immigrer-canada/entree-express/presenter-demande-residence-permanente/frais.html
author: Immigration, Réfugiés et Citoyenneté Canada
---

# Présenter une demande de résidence permanente au titre d’Entrée express : Payer les frais - Canada.ca

> ## Excerpt
> Moment et façon de payer les frais de traitement et les frais relatifs au droit de résidence permanente

---
## Frais pour Entrée express

Une fois que vous avez rempli toutes les sections du formulaire en ligne et téléversé vos documents, le système vous présente la liste des frais que vous devez payer. Cette liste inclut ce qui suit :

-   Les frais de traitement pour vous et les membres de votre famille
-   Les frais relatifs au droit de résidence permanente
-   Les frais de biométrie

Vous devez payer les frais à l’aide de votre compte en ligne. Vous aurez besoin d’une carte de débit ou de crédit.

Vous devez au minimum payer vos frais de traitement lorsque vous soumettez votre demande. Évitez les retards **en payant tous vos frais maintenant** (y compris vos [frais relatifs au droit de résidence permanente](https://ircc.canada.ca/francais/information/frais/bareme.asp#fdrp)).

[Consulter la liste des frais pour voir combien vous pouvez vous attendre à payer](https://ircc.canada.ca/francais/information/frais/bareme.asp#economique).

### Remboursements

Si votre demande n’est pas complète, nous vous en informerons et nous vous rembourserons vos :

-   Frais de traitement
-   Frais relatifs au droit de résidence permanente (si vous les avez payés)

Nous ne rembourserons pas les frais de traitement lorsque nous avons entamé le traitement de votre demande.

### Frais de collecte des données biométriques

Dans la plupart des cas, vous devez payer les frais pour la collecte des données biométriques au moment où vous présentez votre demande pour éviter tout retard de traitement. Les frais pour la collecte des données biométriques comprennent les frais pour la prise des empreintes digitales et de la photo numérique.

Une fois que les frais de collecte des données biométriques auront été payés et que vous aurez soumis une demande complète, nous vous enverrons une lettre confirmant que vous devez fournir vos données biométriques et où aller pour le faire. Vous devrez présenter cette lettre au moment de fournir vos données biométriques.

Vous devez fournir vos données biométriques en personne. Assurez-vous de prendre rendez-vous, si le service de prise de rendez-vous vous est offert.

[Trouvez un bureau près de chez vous](https://www.canada.ca/fr/immigration-refugies-citoyennete/campagnes/biometrie/ou-fournir-donnees-biometriques.html).

### Payer les frais après avoir fait votre demande

Vous ne pouvez payer les frais que par le biais de votre compte lorsque vous soumettez votre demande. Vous devez les payer d’une manière différente si vous :

-   [Décidez de payer les frais relatifs au droit de résidence permanente après avoir fait votre demande](https://ircc.canada.ca/francais/information/frais/bareme.asp#fdrp) ou
-   [Ajoutez un(e) conjoint(e) ou un enfant à charge à votre demande](https://ircc.canada.ca/francais/information/frais/bareme.asp#economique) (mariage ou naissance d’un enfant) ""---
created: 2024-07-05T16:06:13 (UTC +01:00)
tags: [soumettre,demande,demande complète,permis de travail ouvert transitoire,expiré,PTOT]
source: https://www.canada.ca/fr/immigration-refugies-citoyennete/services/immigrer-canada/entree-express/presenter-demande-residence-permanente/soumettre.html
author: 
---

# Présenter une demande de résidence permanente au titre d’Entrée express : Soumettre votre demande - Canada.ca

> ## Excerpt
> S’assurer que la demande est complète et savoir mettre à jour sa demande après l’avoir soumise

---
## Vous devez fournir vos données biométriques

Dans la plupart des cas, vous devez maintenant fournir vos empreintes digitales et votre photo (données biométriques) après avoir présenté votre demande.

Découvrez [où figure la biométrie dans le processus de demande](https://www.canada.ca/fr/immigration-refugies-citoyennete/services/immigrer-canada/entree-express/presenter-demande-residence-permanente/soumettre.html#biometric-process-pr).

Avant de soumettre votre demande, assurez-vous :

-   d’avoir remplir tous les champs obligatoires du formulaire;
-   de payer les frais de traitement et les frais de [biométrie](https://www.canada.ca/fr/immigration-refugies-citoyennete/campagnes/biometrie/faits.html);
-   de fournir des copies numérisées claires de tous les documents figurant sur votre liste de contrôle des documents.

Le système ne vous laissera pas soumettre la demande si vous n’avez pas fourni tous les documents requis et rempli tous les champs obligatoires du formulaire.

## Mettre à jour ses renseignements après avoir soumis la demande

Après avoir soumis une demande, vous pouvez vous servir de ce [formulaire Web](https://ircc.canada.ca/francais/contacts/formulaire-web.asp) si vous devez signaler des changements importants concernant votre demande, entre autres :

-   un changement d’adresse, de numéro de téléphone, d’adresse de courriel ou d’autres coordonnées;
-   une naissance ou un décès dans votre famille;
-   un mariage ou un divorce;
-   une adoption;
-   un changement d’emploi ou d’offre d’emploi;
-   l’obtention d’un nouveau diplôme;
-   la mise à jour de résultats d’évaluation linguistique.

## Si le permis de travail est sur le point d’arriver à échéance

Si vous êtes déjà au Canada et que votre permis de travail actuel est sur le point d’arriver à échéance, vous pourriez être admissible à un [permis de travail ouvert transitoire](https://www.canada.ca/fr/immigration-refugies-citoyennete/services/travailler-canada/prolongation-permis/permis-travail-ouvert-transitoire.html). Si vous y êtes admissible, ce permis vous permet de continuer à travailler en attendant une décision définitive relativement à votre demande de résidence permanente. ""---
created: 2024-07-05T16:06:34 (UTC +01:00)
tags: [Travailleurs qualifiés; immigration]
source: https://www.canada.ca/fr/immigration-refugies-citoyennete/services/immigrer-canada/entree-express/presenter-demande-residence-permanente/comment-evaluer.html
author: Immigration, Réfugiés et Citoyenneté Canada
---

# Présenter une demande de résidence permanente au titre d’Entrée express : Après avoir présenté une demande - Canada.ca

> ## Excerpt
> Ce que l’on vérifie, la façon dont on communique avec les demandeurs, les délais de traitement, la prise d’une décision à l’égard de votre demande

---
**Si vos renseignements personnels changent**

Pour éviter les retards de traitement, utilisez le [formulaire Web](https://ircc.canada.ca/francais/contacts/formulaire-web.asp) pour nous informer dès que possible des changements touchant vos renseignements personnels.

Vous **devez** nous aviser si :

-   Vous souhaitez retirer votre demande;
-   La composition de votre famille a changé, par exemple :
    -   La naissance ou l’adoption d’un enfant;
    -   Un mariage ou un divorce.
-   Vous changez de représentant en immigration;
-   Votre adresse postale, votre adresse électronique, votre numéro de téléphone ou d’autres coordonnées ont changé;
-   Une province ou un territoire retire votre désignation;
-   Vous ne prévoyez pas vivre dans la province ou le territoire qui vous désigne.

Lorsque nous recevons votre demande, nous nous assurons que vous avez :

-   rempli votre demande de résidence permanente correctement et en entier;
-   payé vos frais de traitement;
-   répondu à toutes les exigences;
-   joint tous les documents.

Nous communiquerons avec vous par l’entremise de [votre compte en ligne](https://www.canada.ca/fr/immigration-refugies-citoyennete/services/demande/compte.html) pour :

-   confirmer que nous avons examiné votre demande;
-   vous demander de fournir vos données biométriques;
-   vous transmettre des mises à jour quant à l’état de votre demande;
-   vous demander de fournir davantage de documents, s’il y a lieu;
-   organiser une entrevue, s’il y a lieu;
-   vous indiquer ce que vous devez faire et les prochaines étapes.

## Fournissez vos empreintes digitales et votre photo

Si vous êtes âgé de 14 à 79 ans, vous devez fournir vos empreintes digitales et votre photo (données biométriques) pour chaque demande de résidence permanente que vous soumettez. Vous devez le faire même si vous avez déjà fourni vos données biométriques auparavant et que celles-ci sont toujours valides.

-   Dans la plupart des cas, vous devez payer les [frais de biométrie](https://www.canada.ca/fr/immigration-refugies-citoyennete/services/immigrer-canada/entree-express/presenter-demande-residence-permanente/comment-evaluer.html#biometric-fee) **lorsque vous présentez votre demande.** Autrement, vous pourriez subir des retards.
-   Si votre demande est complète, nous vous enverrons une lettre qui confirme que vous devez fournir vos données biométriques.
-   Si vous n’avez pas encore payé vos frais de biométrie, payez-les **dès que vous aurez reçu la lettre** de notre part.
-   Vous disposez de **30 jours** à compter de la date indiquée dans la lettre pour fournir vos données biométriques.

Découvrez [qui doit fournir ses données biométriques](https://ircc.canada.ca/francais/visiter/biometrie.asp), [la façon de les fournir](https://www.canada.ca/fr/immigration-refugies-citoyennete/campagnes/biometrie/comment-fournir-donnees-biometriques.html) et [les endroits où les fournir](https://www.canada.ca/fr/immigration-refugies-citoyennete/campagnes/biometrie/ou-fournir-donnees-biometriques.html).

## Vérifier vos renseignements

Si vous avez fourni de faux renseignements dans votre profil d’Entrée express ou votre demande de résidence permanente, nous pourrions :

-   refuser votre demande;
-   vous déclarer interdit de territoire;
-   vous interdire de présenter une demande pour venir au Canada pendant 5 ans, quelle que soit la raison.

Si votre demande n’est pas complète, nous la refuserons et vous rembourserons les frais de traitement.

## Décision prise à l’égard de votre demande

Nous prenons une décision à l’égard de votre demande en fonction des facteurs suivants :

-   si vous êtes admissible au programme;
-   maintenu votre score CRS au-dessus du score minimum de votre [série d'invitations](https://www.canada.ca/fr/immigration-refugies-citoyennete/organisation/mandat/politiques-directives-operationnelles-ententes-accords/instructions-ministerielles/entree-express-rondes.html)
-   si vous êtes admissible au Canada, en fonction des résultats tirés :
    -   de votre examen médical
    -   des certificats de police
    -   des vérifications des antécédents.

Lorsque nous prenons une décision à l’égard de votre demande, nous vous l’indiquerons [par l’entremise de votre compte](https://www.canada.ca/fr/immigration-refugies-citoyennete/services/immigrer-canada/entree-express/presenter-demande-residence-permanente/verifier-etat-une-demande.html).

**Aidez-nous à améliorer nos services**

Nous sommes à la recherche de personnes intéressées à essayer nos produits.

[Découvrez comment participer](https://www.canada.ca/fr/immigration-refugies-citoyennete/campagnes/ameliorer-services.html). "" ---
created: 2024-07-05T16:06:48 (UTC +01:00)
tags: [État d’une demande de résidence permanente Entrée express,statut de RP Entrée express,résidence permanente EE]
source: https://www.canada.ca/fr/immigration-refugies-citoyennete/services/immigrer-canada/entree-express/presenter-demande-residence-permanente/verifier-etat-une-demande.html
author: Immigration, Réfugiés et Citoyenneté Canada
---

# Présenter une demande de résidence permanente au titre d’Entrée express : Vérifier l’état d’une demande en ligne - Canada.ca

> ## Excerpt
> La page présente aux demandeurs la façon de vérifier l’état de leur demande en ligne; elle leur fournit également de l’information sur les délais de traitement des demandes de RP.

---
Vous disposez de **60 jours** pour soumettre votre demande de résidence permanente après avoir été invité à présenter une demande.

Une fois que vous avez soumis votre demande, vous pouvez en vérifier l’état dans [votre compte](https://www.canada.ca/fr/immigration-refugies-citoyennete/services/demande/compte.html).

-   Rendez-vous à « Voir les demandes que vous avez soumises »;
-   Cliquez sur « État des demandes et messages ».

À la page « État des demandes et messages », vous pouvez voir :

-   l’état général de votre demande;
-   l’état actuel de chaque étape de la demande;
-   des messages indiquant les mesures supplémentaires à prendre (s’il y a lieu).

Si vous devez effectuer des mises à jour de votre compte, nous vous enverrons un courriel. Assurez-vous d’effectuer les mises à jour demandées dès que possible ou le traitement de votre demande pourrait être retardé.

## Délais de traitement

Nous traitons la plupart des demandes d’Entrée express en 6 mois ou moins à partir de la date à laquelle nous recevons votre demande complète.

### Délai de traitement <sup><a href=""https://www.canada.ca/fr/immigration-refugies-citoyennete/services/immigrer-canada/entree-express/presenter-demande-residence-permanente/verifier-etat-une-demande.html#processing-times"" aria-controls=""processing-times"" role=""button"" id=""wb-auto-4""><span>?</span></a></sup>

[Varié selon le programme](https://www.canada.ca/fr/immigration-refugies-citoyennete/services/demande/verifier-delais-traitement.html)

Il se peut que vous deviez fournir vos [données biométriques](https://ircc.canada.ca/francais/visiter/biometrie.asp) avec votre demande. Ce délai de traitement **tient compte** du temps dont vous avez besoin pour fournir vos données biométriques.

### Causes des retards de traitement

Votre demande sera retardée si :

-   nous devons vérifier des renseignements;
-   elle présente des problèmes en matière de criminalité ou de sécurité;
-   nous devons effectuer des vérifications supplémentaires de vos antécédents;
-   votre situation familiale n’est pas claire, entre autres :
    -   un divorce ou une adoption qui ne sont pas encore achevés,
    -   des questions entourant la garde d’enfants qui n’ont pas été réglées;
-   vous devez présenter davantage de documents ou êtes convié à une entrevue avec nous.

### Tenir à jour vos renseignements

Évitez les retards en mettant à jour vos renseignements. Vous pouvez utiliser le [formulaire Web d’IRCC](https://ircc.canada.ca/francais/contacts/formulaire-web.asp) pour nous signaler des changements importants à propos de votre demande, notamment :

-   des changements d’adresse, de numéro de téléphone, d’adresse de courriel ou d’autres coordonnées;
-   des naissances ou des décès dans votre famille;
-   des mariages;
-   des divorces;
-   des adoptions;
-   des changements d’emploi ou d’offre d’emploi;
-   l’obtention de nouveaux diplômes;
-   la mise à jour de résultats d’évaluation linguistique."